{
    "mse": 0.027229002983957067,
    "rmse": 0.16501212980856003,
    "mae": 0.11086805742323504,
    "r2_score": 0.8540868188425772,
    "timestamp": "2026-01-18T13:44:15.516257",
    "run_id": "f7b86cc85c8642f3a2ba0e2b6632edd3"
}