{
    "mse": 0.027229002983957074,
    "rmse": 0.16501212980856006,
    "mae": 0.11086805742323506,
    "r2_score": 0.8540868188425772,
    "timestamp": "2026-01-22T13:04:24.928132",
    "run_id": "92ce19a32e294900be9025eefe059771"
}